register,variable_name,documented_name,unit,data_type,values,read_interval,writable,adjustments,note
0,,Inverter Status,,,0:waiting 1:normal 3:fault,,,,Inverter run state
1,PV Watts,Ppv H,0.1W,,,,,,Input power (high)
2,,Ppv L,0.1W,,,,,,Input power (low)
3,PV1 Voltage,Vpv1,0.1V,,,,,,PV1 voltage
4,PV1 Current,PV1Curr,0.1A,,,,,,PV1 input current
5,PV1 Watts,Ppv1 H,0.1W,,,,,,PV1 input power(high)
6,,Ppv1 L,0.1W,,,,,,PV1 input power(low)
7,PV2 Voltage,Vpv2,0.1V,,,,,,PV2 voltage
8,PV2 Current,PV2Curr,0.1A,,,,,,PV2 input current
9,PV2 Watts,Ppv2 H,0.1W,,,,,,PV2 input power (high)
10,,Ppv2 L,0.1W,,,,,,PV2 input power (low)
11,PV3 Voltage,Vpv3,0.1V,,,,,,PV3 voltage
12,PV3 Current,PV3Curr,0.1A,,,,,,PV3 input current
13,PV3 Watts,Ppv3 H,0.1W,,,,,,PV3 input power (high)
14,,Ppv3 L,0.1W,,,,,,PV3 input power (low)
15,PV4 Voltage,Vpv4,0.1V,,,,,,PV4 voltage
16,PV4 Current,PV4Curr,0.1A,,,,,,PV4 input current
17,PV4 Watts,Ppv4 H,0.1W,,,,,,PV4 input power (high)
18,,Ppv4 L,0.1W,,,,,,PV4 input power (low)
19,PV5 Voltage,Vpv5,0.1V,,,,,,PV5 voltage
20,PV5 Current,PV5Curr,0.1A,,,,,,PV5 input current
21,PV5 Watts,Ppv5H,0.1W,,,,,,PV5 input power(high)
22,,Ppv5 L,0.1W,,,,,,PV5 input power(low)
23,PV6 Voltage,Vpv6,0.1V,,,,,,PV6 voltage
24,PV6 Current,PV6Curr,0.1A,,,,,,PV6 input current
25,PV6 Watts,Ppv6 H,0.1W,,,,,,PV6 input power (high)
26,,Ppv6 L,0.1W,,,,,,PV6 input power (low)
27,PV7 Voltage,Vpv7,0.1V,,,,,,PV7 voltage
28,PV7 Current,PV7Curr,0.1A,,,,,,PV7 input current
29,PV7 Watts,Ppv7 H,0.1W,,,,,,PV7 input power (high)
30,,Ppv7 L,0.1W,,,,,,PV7 input power (low)
31,PV8 Voltage,Vpv8,0.1V,,,,,,PV8 voltage
32,PV8 Current,PV8Curr,0.1A,,,,,,PV8 input current
33,PV8 Watts,Ppv8 H,0.1W,,,,,,PV8 input power (high)
34,,Ppv8 L,0.1W,,,,,,PV8 input power (low)
35,Output Watts,Pac H,0.1W,,,,,,Output power (high)
36,,Pac L,0.1W,,,,,,Output power (low)
37,Grid Hz,Fac,0.01Hz,,,,,,Grid frequency
38,Grid Voltage Phase 1,Vac1,0.1V,,,,,,Three/single phase grid voltage
39,Grid Current Phase 1,Iac1,0.1A,,,,,,Three/single phase grid output current
40,Grid VA Phase 1,Pac1 H,0.1VA,,,,,,Three/single phase grid output watt VA (high)
41,,Pac1 L,0.1VA,,,,,,Three/single phase grid output watt VA(low)
42,Grid Voltage Phase 2,Vac2,0.1V,,,,,,Three phase grid voltage
43,Grid Current Phase 2,Iac2,0.1A,,,,,,Three phase grid output current
44,Grid VA Phase 2,Pac2 H,0.1VA,,,,,,Three phase grid output power (high)
45,,Pac2 L,0.1VA,,,,,,Three phase grid output power (low)
46,Grid Voltage Phase 3,Vac3,0.1V,,,,,,Three phase grid voltage
47,Grid Current Phase 3,Iac3,0.1A,,,,,,Three phase grid output current
48,Grid VA Phase 3,Pac3 H,0.1VA,,,,,,Three phase grid output power (high)
49,,Pac3 L,0.1VA,,,,,,Three phase grid output power (low)
50,,Vac_RS,0.1V,,,,,,Three phase grid voltage; Line voltage
51,,Vac_ST,0.1V,,,,,,Three phase grid voltage; Line voltage
52,,Vac_TR,0.1V,,,,,,Three phase grid voltage; Line voltage
53,,Eac today H,0.1kWH,,,,,,Today generate energy (high)
54,,Eac today L,0.1kWH,,,,,,Today generate energy (low)
55,,Eac total H,0.1kWH,,,,,,Total generate energy (high)
56,,Eac total L,0.1kWH,,,,,,Total generate energy (low)
57,,Time total H,0.5s,,,,,,Work time total (high)
58,,Time total L,0.5s,,,,,,Work time total (low)
59,PV1 KWH Today,Epv1_today H,0.1kWh,,,,,,PV1Energy today(high)
60,,Epv1_today L,0.1kWh,,,,,,PV1Energy today (low)
61,PV1 KWH Total,Epv1_total H,0.1kWh,,,,,,PV1Energy total(high)
62,,Epv1_total L,0.1kWh,,,,,,PV1Energy total (low)
63,PV2 KWH Today,Epv2_today H,0.1kWh,,,,,,PV2Energy today(high)
64,,Epv2_today L,0.1kWh,,,,,,PV2Energy today (low)
65,PV2 KWH Total,Epv2_total H,0.1kWh,,,,,,PV2Energy total(high)
66,,Epv2_total L,0.1kWh,,,,,,PV2Energy total (low)
67,PV3 KWH Today,Epv3_today H,0.1kWh,,,,,,PV3 Energy today(high)
68,,Epv3_today L,0.1kWh,,,,,,PV3 Energy today (low)
69,PV3 KWH Total,Epv3_total H,0.1kWh,,,,,,PV3 Energy total(high)
70,,Epv3_total L,0.1kWh,,,,,,PV3 Energy total (low)
71,PV4 KWH Today,Epv4_today H,0.1kWh,,,,,,PV4Energy today(high)
72,,Epv4_today L,0.1kWh,,,,,,PV4Energy today (low)
73,PV4 KWH Total,Epv4_total H,0.1kWh,,,,,,PV4Energy total(high)
74,,Epv4_total L,0.1kWh,,,,,,PV4Energy total (low)
75,PV5 KWH Today,Epv5_today H,0.1kWh,,,,,,PV5Energy today(high)
76,,Epv5_today L,0.1kWh,,,,,,PV5Energy today (low)
77,PV5 KWH Total,Epv5_total H,0.1kWh,,,,,,PV5Energy total(high)
78,,Epv5_total L,0.1kWh,,,,,,PV5Energy total (low)
79,PV6 KWH Today,Epv6_today H,0.1kWh,,,,,,PV6Energy today(high)
80,,Epv6_today L,0.1kWh,,,,,,PV6Energy today (low)
81,PV6 KWH Total,Epv6_total H,0.1kWh,,,,,,PV6Energy total(high)
82,,Epv6_total L,0.1kWh,,,,,,PV6Energy total (low)
83,PV7 KWH Today,Epv7_today H,0.1kWh,,,,,,PV7Energy today(high)
84,,Epv7_today L,0.1kWh,,,,,,PV7Energy today (low)
85,PV7 KWH Total,Epv7_total H,0.1kWh,,,,,,PV7 Energy total(high)
86,,Epv7_total L,0.1kWh,,,,,,PV7Energy total (low)
87,PV8 KWH Today,Epv8_today H,0.1kWh,,,,,,PV8Energy today(high)
88,,Epv8_today L,0.1kWh,,,,,,PV8Energy today (low)
89,PV8 KWH Total,Epv8_total H,0.1kWh,,,,,,PV8Energy total(high)
90,,Epv8_total L,0.1kWh,,,,,,PV8Energy total (low)
91,PV KWH Total,Epv_total H,0.1kWh,,,,,,PV Energy total(high)
92,,Epv_total L,0.1kWh,,,,,,PV Energy total (low)
93,,Temp1,0.1C,,,,,,Inverter temperature
94,,Temp2,0.1C,,,,,,The inside IPM in inverter Temperature
95,,Temp3,0.1C,,,,,,Boost temperature
96,,Temp4,,,,,,,reserved
97,,uwBatVolt_DSP,0.1V,,,,,,BatVolt_DSP; BatVolt(DSP)
98,,P Bus Voltage,0.1V,,,,,,P Bus inside Voltage
99,,N Bus Voltage,0.1V,,,,,,N Bus inside Voltage
100,Inverter Power Factor,IPF,,,0-20000,,,,Inverter output PF now
101,,RealOPPercent,1.00%,,,,,,Real Output power Percent
102,,OPFullwatt H,,,,,,,Output Maxpower Limited high
103,,OPFullwatt L,0.1W,,,,,,Output Maxpower Limited low
104,,DeratingMode,1:PV,,0:no derate,,,,DeratingMode; 2:*; extra: 9:*OverBack ByTime; 4:Fac; extra: 9:*OverBack ByTime; extra: 9:*OverBack ByTime; extra: 9:*OverBack ByTime; extra: 9:*OverBack ByTime; extra: 9:*OverBack ByTime
105,fault_maincode,Fault Maincode,,uint16,,,R,,Inverter fault maincode
106,fault_bitcode_h,Fault Bitcode H,,uint16,,,R,,Fault bitmask high word; see fault_bitcode_h_codes
107,fault_bitcode_l,Fault Bitcode L,,uint16,,,R,,Inverter fault subcode; see fault_bitcode_l_codes
108,,RemoteCtrlEn,/,,0.Load First 1.BatFirst 2.Grid,,,,/; StoragePow er (SPA)
109,,RemoteCtrlPower,/,,,,,,/; StoragePow er (SPA)
110,warning_bit_h,Warning bit H,,uint16,,,R,,Warning bitmask high word; see warning_bit_h_codes
111,warn_subcode,Warn Subcode,,uint16,,,R,,Inverter warn subcode; see warn_subcode_codes
112,warn_maincode,Warn Maincode,,uint16,,,R,,Inverter warn maincode
113,,real Power Percent,%,,0-100,,,,real Power Percent; MAX
114,,inv start delay time,,,,,,,inv start delay time; MAX
115,,bINVAllFaultCode,,,,,,,bINVAllFaultCode; MAX
116,,AC charge Power_H,0.1kwh,,,,,,Grid power to local load; Storage Power
117,,AC charge Power_L,0.1kwh,,,,,,Grid power to local load; Storage Power
118,,Priority,,,,,,,0:Load First 1:Battery First 2:Grid First; Storage
119,,Battery Type,,,,,,,0:Lead-acid 1:Lithium battery; Storage Power
120,,AutoProofreadCMD,,,,,,,Aging mode Command Auto-calibration; Storage Power
125,,PID PV1Plus Voltage,0.1V,,0~1000V,,,,PID PV1PE Volt/ Flyspan voltage (MAX HV)
126,,PID PV1Plus Current,0.1mA,,-10~10mA,,,,PID PV1PE Curr
127,,PID PV2Plus Voltage,0.1V,,0~1000V,,,,PID PV2PE Volt/ Flyspan voltage (MAX HV) Flyspan
128,,PID PV2Plus Current,0.1mA,,-10~10mA,,,,PID PV2PE Curr
129,,PID PV3Plus Voltage,0.1V,,0~1000V,,,,PID PV3PE Volt/ Flyspan voltage (MAX HV)
130,,PID PV3Plus Current,0.1mA,,-10~10mA,,,,PID PV3PE Curr
131,,PID PV4Plus Voltage,0.1V,,0~1000V,,,,PID PV4PE Volt/ Flyspan voltage (MAX HV)
132,,PID PV4Plus Current,0.1mA,,-10~10mA,,,,PID PV4PE Curr
133,,PID PV5Plus Voltage,0.1V,,0~1000V,,,,PID PV5PE Volt/ Flyspan voltage (MAX HV)
134,,PID PV5Plus Current,0.1mA,,-10~10mA,,,,PID PV5PE Curr
135,,PID PV6Plus Voltage,0.1V,,0~1000V,,,,PID PV6PE Volt/ Flyspan voltage (MAX HV)
136,,PID PV6Plus Current,0.1mA,,-10~10mA,,,,PID PV6PE Curr
137,,PID PV7Plus Voltage,0.1V,,0~1000V,,,,PID PV7PE Volt/ Flyspan voltage (MAX HV)
138,,PID PV7Plus Current,0.1mA,,-10~10mA,,,,PID PV7PE Curr
139,,PID PV8Plus Voltage,0.1V,,0~1000V,,,,PID PV8PE Volt/ Flyspan voltage (MAX HV)
140,,PID PV8Plus Current,0.1mA,,-10~10mA,,,,PID PV8PE Curr
141,,PID Status,,,0~3,,,,Bit0~7:PID Working Status 1:Wait Status 2:Normal Status 3:Fault Status Bit8~15:Reversed
142,,PV String1,0.1V,,,,,,PV String1 voltage
143,,PV Curr_String1,0.1A,,-15~15A,,,,PV String1 current
144,,PV_String2,0.1V,,,,,,PV String2 voltage
145,,PV Curr_String2,0.1A,,-15~15A,,,,PV String2 current
146,,PV_String3,0.1V,,,,,,PV String3 voltage
147,,PV Curr_String3,0.1A,,-15~15A,,,,PV String3 current
148,,PV_String4,0.1V,,,,,,PV String4 voltage
149,,PV Curr_String4,0.1A,,-15~15A,,,,PV String4 current
150,,PV_String5,0.1V,,,,,,PV String5 voltage
151,,PV Curr_String5,0.1A,,-15~15A,,,,PV String5 current
152,,PV_String6,0.1V,,,,,,PV String6 voltage
153,,PV Curr_String6,0.1A,,-15~15A,,,,PV String6 current
154,,PV_String7,0.1V,,,,,,PV String7 voltage
155,,PV Curr_String7,0.1A,,-15~15A,,,,PV String7 current
156,,PV_String8,0.1V,,,,,,PV String8 voltage
157,,PV Curr_String8,0.1A,,-15A~15A,,,,PV String8 current
158,,PV_String9,0.1V,,,,,,PV String9 voltage
159,,PV Curr_String9,0.1A,,-15A~15A,,,,PV String9 current
160,,PV_String10,0.1V,,,,,,PV String10 voltage
161,,PV Curr_String10,0.1A,,-15~15A,,,,PV String10 current
162,,PV_String11,0.1V,,,,,,PV String11 voltage
163,,PV Curr_String11,0.1A,,-15~15A,,,,PV String11 current
164,,PV_String12,0.1V,,,,,,PV String12 voltage
165,,PV Curr_String12,0.1A,,-15~15A,,,,PV String12 current
166,,PV_String13,0.1V,,,,,,PV String13 voltage
167,,PV Curr_String13,0.1A,,-15A~15A,,,,PV String13 current
168,,PV_String14,0.1V,,,,,,PV String14 voltage
169,,PV Curr_String14,0.1A,,-15~15A,,,,PV String14 current
170,,PV_String15,0.1V,,,,,,PV String15 voltage
171,,PV Curr_String15,0.1A,,-15~15A,,,,PV String15 current
172,,PV_String16,0.1V,,,,,,PV String16 voltage
173,,PV Curr_String16,0.1A,,-15~15A,,,,PV String16 current
174,,StrUnmatch,,,,,,,Bit0~15: String1~16 unmatch; suggestive
175,,StrCurrentUnblance,,,,,,,Bit0~15: String1~16 current unblance; suggestive
176,,StrDisconnect,,,,,,,Bit0~15: String1~16 disconnect; suggestive
177,,PIDFaultCode,,,,,,,Bit0:Output over voltage Bit1: ISO fault Bit2: BUS voltage abnormal Bit3~15:reserved
178,,String Prompt,,,,,,,String Prompt Bit0:String Unmatch Bit1:StrDisconnect Bit2:StrCurrentUnblance Bit3~15:reserved
179,,PV Warning Value,,,,,,,PV Warning Value
180,,DSP075 Warning Value,,,,,,,DSP075 Warning Value
181,,DSP075 Fault Value,,,,,,,DSP075 Fault Value
182,,DSP067 Debug Data1,,,,,,,DSP067 Debug Data1
183,,DSP067 Debug Data2,,,,,,,DSP067 Debug Data2
184,,DSP067 Debug Data3,,,,,,,DSP067 Debug Data3
185,,DSP067 Debug Data4,,,,,,,DSP067 Debug Data4
186,,DSP067 Debug Data5,,,,,,,DSP067 Debug Data5
187,,DSP067 Debug Data6,,,,,,,DSP067 Debug Data6
188,,DSP067 Debug Data7,,,,,,,DSP067 Debug Data7
189,,DSP067 Debug Data8,,,,,,,DSP067 Debug Data8
190,,DSP075 Debug Data1,,,,,,,DSP075 Debug Data1
191,,DSP075 Debug Data2,,,,,,,DSP075 Debug Data2
192,,DSP075 Debug Data3,,,,,,,DSP075 Debug Data3
193,,DSP075 Debug Data4,,,,,,,DSP075 Debug Data4
194,,DSP075 Debug Data55,,,,,,,DSP075 Debug Data5
195,,DSP075 Debug Data6,,,,,,,DSP075 Debug Data6
196,,DSP075 Debug Data7,,,,,,,DSP075 Debug Data7
197,,DSP075 Debug Data8,,,,,,,DSP075 Debug Data8
198,,bUSBAgingTestOk Flag,,,0-1,,,,USBAgingTestOkFlag
199,,bFlashEraseAging OkFlag,,,0-1,,,,FlashEraseAgingOkFlag
200,,PVISO,K?,,,,,,PVISOValue
201,,R_DCI,0.1mA,,,,,,R DCI Curr
202,,S_DCI,0.1mA,,,,,,S DCI Curr
203,,T_DCI,0.1mA,,,,,,T DCI Curr
204,,PID_Bus,0.1V,,,,,,PIDBusVolt
205,,GFCI,mA,,,,,,GFCI Curr
206,,SVG_APF StatusPlusSVGAPFEqualRatio,,,High 8 bit: SVGAPFEqua lRatio Low 8 bit: SVG/APF Status 0:None 1:SVG Run 2:APF Run 3:SVG/APF Run,,,,SVG/APF StatusPlusSVGAPFEqualRatio
207,,CT_I_R,0.1A,,,,,,R phase load side current for SVG
208,,CT_I_S,0.1A,,,,,,S phase load side current for SVG
209,,CT_I_T,0.1A,,,,,,T phase load side current for SVG
210,,CT_Q_R H,0.1Var,,,,,,R phase load side output reactive power for SVG(High)
211,,CT_Q_R L,0.1Var,,,,,,R phase load side output reactive power for SVG(low)
212,,CT_Q_S H,0.1Var,,,,,,S phase load side output reactive power for SVG(High)
213,,CT_Q_S L,0.1Var,,,,,,S phase load side output reactive power for SVG(low)
214,,CT_Q_T H,0.1Var,,,,,,T phase load side output reactive power for SVG(High)
215,,CT_Q_T L,0.1Var,,,,,,T phase load side output reactive power for SVG(low)
216,,CT HAR_I_R,0.1A,,,,,,R phase load side harmonic
217,,CT HAR_I_S,0.1A,,,,,,S phase load side harmonic
218,,CT HAR_I_T,0.1A,,,,,,T phase load side harmonic
219,,COMP_Q_R H,0.1Var,,,,,,R phase compensate reactive power for SVG(High)
220,,COMP_Q_R L,0.1Var,,,,,,R phase compensate reactive power for SVG(low)
221,,COMP_Q_S H,0.1Var,,,,,,S phase compensate reactive power for SVG(High)
222,,COMP_Q_S L,0.1Var,,,,,,S phase compensate reactive power for SVG(low)
223,,COMP_Q_T H,0.1Var,,,,,,T phase compensate reactive power for SVG(High)
224,,COMP_Q_T L,0.1Var,,,,,,T phase compensate reactive power for SVG(low)
225,,COMP HAR_I_R,0.1A,,,,,,R phase compensate harmonic for SVG
226,,COMP HAR_I_S,0.1A,,,,,,S phase compensate harmonic for SVG
227,,COMP HAR_I_T,0.1A,,,,,,T phase compensate harmonic for SVG
228,,bRS232AgingTest OkFlag,,,0-1,,,,RS232AgingTestOkFlag
229,,bFanFaultBit,,,Bit0: Fan 1 fault bit Bit1: Fan 2 fault bit Bit2: Fan 3 fault bit Bit3: Fan 4 fault bit Bit4-7: Reserved,,,,
230,,Sac H,0.1W,,,,,,Output apparent power H
231,,Sac L,0.1W,,,,,,Output apparent power L
232,,ReActPowerH,0.1W,,Int32,,,,Real Output Reactive Power H
233,,ReActPowerL,,,,,,,Real Output Reactive Power L
234,,ReActPowerMaxH,0.1var,,,,,,Nominal Output Reactive Power H
235,,ReActPowerMaxL,,,,,,,Nominal Output Reactive Power L
236,,ReActPower_Total H,0.1kwh,,,,,,Reactive power generation
237,,ReActPower_Total L,,,,,,,Reactive power generation
238,,bAfciStatus,,,0:Waiting 1:Self-check state 2:Detect pull arc state 3:Fault 4:Update,,,,
239,,uwPresentFFTValue_CHANNEL_A_,,,,,,,PresentFFTValue [CHANNEL_A]
240,,uwPresentFFTValue_CHANNEL_B_,,,,,,,PresentFFTValue [CHANNEL_B]
241,,DSP067 Debug Data1,,,,,,,DSP067 Debug Data1
242,,DSP067 Debug Data2,,,,,,,DSP067 Debug Data2
243,,DSP067 Debug,,,,,,,DSP067 Debug Data3
244,,DSP067 Debug Data4,,,,,,,DSP067 Debug Data4
245,,DSP067 Debug Data5,,,,,,,DSP067 Debug Data5
246,,DSP067 Debug Data6,,,,,,,DSP067 Debug Data6
247,,DSP067 Debug Data7,,,,,,,DSP067 Debug Data7
248,,DSP067 Debug Data8,,,,,,,DSP067 Debug Data8
875,PV9 Voltage,Vpv9,0.1V,,,,,,PV9 voltage
876,PV9 Current,PV9Curr,0.1A,,,,,,PV9 Input current
877,PV9 Watts,Ppv9 H,0.1W,,,,,,PV9 input power (High)
878,,Ppv9 L,0.1W,,,,,,PV9 input power (Low)
879,PV10 Voltage,Vpv10,0.1V,,,,,,PV10 voltage
880,PV10 Current,PV10Curr,0.1A,,,,,,PV10 Input current
881,PV10 Watts,Ppv10 H,0.1W,,,,,,PV10 input power (High)
882,,Ppv10 L,0.1W,,,,,,PV10 input power (Low)
883,PV11 Voltage,Vpv11,0.1V,,,,,,PV11 voltage
884,PV11 Current,PV11Curr,0.1A,,,,,,PV11 Input current
885,PV11 Watts,Ppv11 H,0.1W,,,,,,PV11 input power (High)
886,,Ppv11 L,0.1W,,,,,,PV11 input power (Low)
887,PV12 Voltage,Vpv12,0.1V,,,,,,PV12 voltage
888,PV12 Current,PV12Curr,0.1A,,,,,,PV12 Input current
889,PV12 Watts,Ppv12 H,0.1W,,,,,,PV12 input power (High)
890,,Ppv12 L,0.1W,,,,,,PV12 input power (Low)
891,PV13 Voltage,Vpv13,0.1V,,,,,,PV13 voltage
892,PV13 Current,PV13Curr,0.1A,,,,,,PV13 Input current
893,PV13 Watts,Ppv13H,0.1W,,,,,,PV13 input power (High)
894,,Ppv13 L,0.1W,,,,,,PV13 input power (Low)
895,PV14 Voltage,Vpv14,0.1V,,,,,,PV14 voltage
896,PV14 Current,PV14Curr,0.1A,,,,,,PV14 Input current
897,PV14 Watts,Ppv14 H,0.1W,,,,,,PV14 input power (High)
898,,Ppv14 L,0.1W,,,,,,PV14 input power (Low)
899,PV15 Voltage,Vpv15,0.1V,,,,,,PV15 voltage
900,PV15 Current,PV15Curr,0.1A,,,,,,PV15 Input current
901,PV15 Watts,Ppv15 H,0.1W,,,,,,PV15 input power (High)
902,,Ppv15 L,0.1W,,,,,,PV15 input power (Low)
903,PV16 Voltage,Vpv16,0.1V,,,,,,PV16 voltage
904,PV16 Current,PV16Curr,0.1A,,,,,,PV16 Input current
905,PV16 Watts,Ppv16 H,0.1W,,,,,,PV16 input power (High)
906,,Ppv16 L,0.1W,,,,,,PV16 input power (Low)
907,PV9 KWH Today,Epv9_today H,0.1kWh,,,,,,PV9 energy today (High)
908,,Epv9_today L,0.1kWh,,,,,,PV9 energy today (Low)
909,PV9 KWH Total,Epv9_total H,0.1kWh,,,,,,PV9 energy total (High)
910,,Epv9_total L,0.1kWh,,,,,,PV9 energy total (Low)
911,PV10 KWH Today,Epv10_today H,0.1kWh,,,,,,PV10 energy today (High)
912,,Epv10_today L,0.1kWh,,,,,,PV10 energy today (Low)
913,PV10 KWH Total,Epv10_total H,0.1kWh,,,,,,PV10 energy total (High)
914,,Epv10_total L,0.1kWh,,,,,,PV10 energy total (Low)
915,PV11 KWH Today,Epv11_today H,0.1kWh,,,,,,PV11 energy today (High)
916,,Epv11_today L,0.1kWh,,,,,,PV11 energy today (Low)
917,PV11 KWH Total,Epv11_total H,0.1kWh,,,,,,PV11 energy total (High)
918,,Epv11_total L,0.1kWh,,,,,,PV11 energy total (Low)
919,PV12 KWH Today,Epv12_today H,0.1kWh,,,,,,PV12 energy today (High)
920,,Epv12_today L,0.1kWh,,,,,,PV12 energy today (Low)
921,PV12 KWH Total,Epv12_total H,0.1kWh,,,,,,PV12 energy total (High)
922,,Epv12_total L,0.1kWh,,,,,,PV12 energy total (Low)
923,PV13 KWH Today,Epv13_today H,0.1kWh,,,,,,PV13 energy today (High)
924,,Epv13_today L,0.1kWh,,,,,,PV13 energy today (Low)
925,PV13 KWH Total,Epv13_total H,0.1kWh,,,,,,PV13 energy total (High)
926,,Epv13_total L,0.1kWh,,,,,,PV13 energy total (Low)
927,PV14 KWH Today,Epv14_today H,0.1kWh,,,,,,PV14 energy today (High)
928,,Epv14_today L,0.1kWh,,,,,,PV14 energy today (Low)
929,PV14 KWH Total,Epv14_total H,0.1kWh,,,,,,PV14 energy total (High)
930,,Epv14_total L,0.1kWh,,,,,,PV14 energy total (Low)
931,PV15 KWH Today,Epv15_today H,0.1kWh,,,,,,PV15 energy today (High)
932,,Epv15_today L,0.1kWh,,,,,,PV15 energy today (Low)
933,PV15 KWH Total,Epv15_total H,0.1kWh,,,,,,PV15 energy total (High)
934,,Epv15_total L,0.1kWh,,,,,,PV15 energy total (Low)
935,PV16 KWH Today,Epv16_today H,0.1kWh,,,,,,PV16 energy today (High)
936,,Epv16_today L,0.1kWh,,,,,,PV16 energy today (Low)
937,PV16 KWH Total,Epv16_total H,0.1kWh,,,,,,PV16 energy total (High)
938,,Epv16_total L,0.1kWh,,,,,,PV16 energy total (Low)
939,,PID PV9Plus Voltage,0.1V,,0~1000V,,,,PID PV9PE Volt/ Flyspan voltage (MAX HV)
940,,PID PV9Plus Current,0.1mA,,-10~10mA,,,,PID PV9PE Current
941,,PID PV10Plus Voltage,0.1V,,0~1000V,,,,PID PV10PE/ Flyspan voltage (MAX HV)
942,,PID PV10Plus Current,0.1mA,,-10~10mA,,,,PID PV10PE Current
943,,PID PV11Plus Voltage,0.1V,,0~1000V,,,,PID PV11PE Volt/ Flyspan voltage (MAX HV)
944,,PID PV11Plus Current,0.1mA,,-10~10mA,,,,PID PV11PE Current
945,,PID PV12Plus Voltage,0.1V,,0~1000V,,,,PID PV12PE Volt/ Flyspan voltage (MAX HV)
946,,PID PV12Plus Current,0.1mA,,-10~10mA,,,,PID PV12PE Current
947,,PID PV13Plus Voltage,0.1V,,0~1000V,,,,PID PV13PE Volt/ Flyspan voltage (MAX HV)
948,,PID PV13Plus Current,0.1mA,,-10~10mA,,,,PID PV13PE Current
949,,PID PV14Plus Voltage,0.1V,,0~1000V,,,,PID PV14PE Volt/ Flyspan voltage (MAX HV)
950,,PID PV14Plus Current,0.1mA,,-10~10mA,,,,PID PV14PE Current
951,,PID PV15Plus Voltage,0.1V,,0~1000V,,,,PID PV15PE Volt/ Flyspan voltage (MAX HV)
952,,PID PV15Plus Current,0.1mA,,-10~10mA,,,,PID PV15PE Current
953,,PID PV16Plus Voltage,0.1V,,0~1000V,,,,PID PV16PE Volt/ Flyspan voltage (MAX HV)
954,,PID PV16Plus Current,0.1mA,,-10~10mA,,,,PID PV16PE Current
955,,PV_String17,0.1V,,,,,,PV String 17 voltage
956,,PV Curr_String17,0.1A,,-15~15A,,,,PV String 17 Current
957,,PV_String18,0.1V,,,,,,PV String 18 voltage
958,,PV Curr_String18,0.1A,,-15~15A,,,,PV String 18 Current
959,,PV_String19,0.1V,,,,,,PV String 19 voltage
960,,PV Curr_String19,0.1A,,-15~15A,,,,PV String 19 Current
961,,PV_String20,0.1V,,,,,,PV String 20 voltage
962,,PV Curr_String20,0.1A,,-15~15A,,,,PV String 20 Current
963,,PV_String21,0.1V,,,,,,PV String 21 voltage
964,,PV Curr_String21,0.1A,,-15~15A,,,,PV String 21 Current
965,,PV_String22,0.1V,,,,,,PV String22 voltage
966,,PV Curr_String22,0.1A,,-15~15A,,,,PV String 22 Current
967,,PV_String23,0.1V,,,,,,PV String 23 voltage
968,,PV Curr_String23,0.1A,,-15~15A,,,,PV String 23 Current
969,,PV_String24,0.1V,,,,,,PV String 24 voltage
970,,PV Curr_String24,0.1A,,-15A~15A,,,,PV String 24 Current
971,,PV_String25,0.1V,,,,,,PV String 25 voltage
972,,PV Curr_String25,0.1A,,-15A~15A,,,,PV String 25 Current
973,,PV_String26,0.1V,,,,,,PV String 26 voltage
974,,PV Curr_String26,0.1A,,-15~15A,,,,PV String 26 Current
975,,PV_String27,0.1V,,,,,,PV String 27 voltage
976,,PV Curr_String27,0.1A,,-15~15A,,,,PV String 27 Current
977,,PV_String28,0.1V,,,,,,PV String 28 voltage
978,,PV Curr_String28,0.1A,,-15~15A,,,,PV String 28 Current
979,,PV_String29,0.1V,,,,,,PV String 29 voltage
980,,PV Curr_String29,0.1A,,-15A~15A,,,,PV String 29 Current
981,,PV_String30,0.1V,,,,,,PV String 30 voltage
982,,PV Curr_String30,0.1A,,-15~15A,,,,PV String 30 Current
983,,PV_String31,0.1V,,,,,,PV String 31 voltage
984,,PV Curr_String31,0.1A,,-15~15A,,,,PV String 31 Current
985,,PV_String32,0.1V,,,,,,PV String 32 voltage
986,,PV Curr_String32,0.1A,,-15~15A,,,,PV String 32 Current
987,,StrUnmatch2,,,,,,,Bit0~15: String 17~32 unmatch
988,,StrCurrentUnblance2,,,,,,,Bit0~15:String 17~32 current unblance
989,,StrDisconnect2,,,,,,,Bit0~15: String 17~32 disconnect
990,,PV Warning Value,,,? Boost9~16 Drive anomalies,,,,PV Warning Value (PV9-PV16) Contains PV9~16 abnormal
991,,StrWaringvalue1,,,,,,,string1~string16 abnormal
992,,StrWaringvalue2,,,,,,,string17~string32 abnormal
999,,SystemCmd,,,,,,,M3 to DSP system command; system command
1000,uwSysWorkMode,uwSysWorkMode,,uint16,,,R,,System work mode; see uwSysWorkMode_codes in JSON
1001,,Systemfault word0,,,,,,,System fault word0
1002,,Systemfault word1,,,,,,,System fault word1
1003,,Systemfault word2,,,,,,,System fault word2
1004,,Systemfault word3,,,,,,,System fault word3
1005,,Systemfault word4,,,,,,,System fault word4
1006,,Systemfault word5,,,,,,,System fault word5
1007,,Systemfault word6,,,,,,,System fault word6
1008,,Systemfault word7,,,,,,,System fault word7
1009,,Pdischarge1 H,0.1W,,,,,,Discharge power(high)
1010,,Pdischarge1 L,0.1W,,,,,,Discharge power (low)
1011,,Pcharge1 H,0.1W,,,,,,Charge power(high)
1012,,Pcharge1 L,0.1W,,,,,,Charge power (low)
1013,,Vbat,0.1V,,,,,,Battery voltage
1014,,SOC,1.00%,,0-100,,,,State of charge Capacity; lith/leadacid
1015,,Pactouser R H,0.1w,,,,,,AC power to user H
1016,,Pactouser R L,0.1w,,,,,,AC power to user L
1017,,Pactouser S H,0.1w,,,,,,Pactouser S H
1018,,Pactouser S L,0.1w,,,,,,Pactouser S L
1019,,Pactouser T H,0.1w,,,,,,Pactouser T H
1020,,Pactouser T L,0.1w,,,,,,Pactouser T L
1021,,PactouserTotal H,0.1w,,,,,,AC power to user total H
1022,,PactouserTotal L,0.1w,,,,,,AC power to user total L
1023,,Pac to grid R H,0.1w,,,,,,AC power to grid H; Ac; output
1024,,Pac to grid R L,0.1w,,,,,,AC power to grid L
1025,,Pactogrid S H,0.1w,,,,,,
1026,,Pactogrid S L,0.1w,,,,,,
1027,,Pactogrid T H,0.1w,,,,,,
1028,,Pactogrid T L,0.1w,,,,,,
1029,,Pactogrid total H,0.1w,,,,,,AC power to grid total H
1030,,Pactogrid total L,0.1w,,,,,,AC power to grid total L
1031,,PLocalLoad R H,0.1w,,,,,,INV power to local load H
1032,,PLocalLoad R L,0.1w,,,,,,INV power to local load L
1033,,PLocalLoad S H,0.1w,,,,,,
1034,,PLocalLoad S L,0.1w,,,,,,
1035,,PLocalLoadT H,0.1w,,,,,,
1036,,PLocalLoadT L,0.1w,,,,,,
1037,,PLocalLoad total H,0.1w,,,,,,INV power to local load total H
1038,,PLocalLoad total L,0.1w,,,,,,INV power to local load total L
1039,,IPM Temperature,0.1?,,,,,,REC Temperature; No use
1040,,Battery Temperature,0.1?,,,,,,Battery Temperature; Lead acid/lithium battery temp
1041,,SP DSP Status,,,,,,,SP state; CHG/DisCHG
1042,,SP Bus Volt,0.1V,,,,,,SP BUS2 Volt
1044,,Etouser_today H,0.1kWh,,,,,,Energy to user today high
1045,,Etouser_today L,0.1kWh,,,,,,Energy to user today low
1046,,Etouser_total H,0.1kWh,,,,,,Energy to user total high
1047,,Etouser_total L,0.1kWh,,,,,,Energy to user total high
1048,,Etogrid_today H,0.1kWh,,,,,,Energy to grid today high
1049,,Etogrid_today L,0.1kWh,,,,,,Energy to grid today low
1050,,Etogrid_total H,0.1kWh,,,,,,Energy to grid total high
1051,,Etogrid_ total L,0.1kWh,,,,,,Energy to grid total high
1052,,Edischarge1_today H,0.1kWh,,,,,,Discharge energy1 today
1053,,Edischarge1_today L,0.1kWh,,,,,,Discharge energy1 today
1054,,Edischarge1_total H,0.1kWh,,,,,,Total discharge energy1 (high)
1055,,Edischarge1_total L,0.1kWh,,,,,,Total discharge energy1 (low)
1056,,Echarge1_today H,0.1kWh,,,,,,Charge1 energy today
1057,,Echarge1_today L,0.1kWh,,,,,,Charge1 energy today
1058,,Echarge1_total H,0.1kWh,,,,,,Charge1 energy total
1059,,Echarge1_total L,0.1kWh,,,,,,Charge1 energy total
1060,,ElocalLoad_Today H,0.1kWh,,,,,,Local load energy today
1061,,ElocalLoad_Today L,0.1kWh,,,,,,Local load energy today
1062,,ElocalLoad_Total H,0.1kWh,,,,,,Local load energy total
1063,,ElocalLoad_Total L,0.1kWh,,,,,,Local load energy total
1064,,dwExportLimitApparentPower,0.1kWh,,,,,,ExportLimitApparentPower H; ApparentPower
1065,,dwExportLimitApparentPower,0.1kWh,,,,,,ExportLimitApparentPower L; ApparentPower
1067,,EPS Fac,0.01Hz,,5000/6000,,,,UPSfrequency
1068,,EPS Vac1,0.1V,,2300,,,,UPS phase R output voltage
1069,,EPS Iac1,0.1A,,,,,,UPS phase R output current
1070,,EPS Pac1 H,0.1VA,,,,,,UPS phase R output power (H)
1071,,EPS Pac1 L,0.1VA,,,,,,UPS phase R output power (L)
1072,,EPS Vac2,0.1V,,,,,,UPS phase S output voltage
1073,,EPS Iac2,0.1A,,,,,,UPS phase S output current; No use
1074,,EPS Pac2 H,0.1VA,,,,,,UPS phase S output power (H)
1075,,EPS Pac2 L,0.1VA,,,,,,UPS phase S output power (L)
1076,,EPS Vac3,0.1V,,,,,,UPS phase T output voltage
1077,,EPS Iac3,0.1A,,,,,,UPS phase T output current; No use
1078,,EPS Pac3 H,0.1VA,,,,,,UPS phase T output power (H)
1079,,EPS Pac3 L,0.1VA,,,,,,UPS phase T output power (L)
1080,,Loadpercent,1.00%,,0-100,,,,Load percent of UPS ouput
1081,,PF,0.1,,0-2,,,,Power factor; Primary ValuePlus1
1082,,BMS_StatusOld,,,"Detail information, refer to document:GrowattxxSxx P ESS Protocol;",,,,StatusOld from BMS
1083,,BMS_Status,,,,,,,Status from BMS; W/R
1084,,BMS_ErrorOld,,,,,,,Error info Old from BMS
1085,,BMS_Error,,,,,,,Errorinfomation from BMS
1086,,BMS_SOC,,,,,,,SOC from BMS; R SPH6K
1087,,BMS_BatteryVolt,,,,,,,Battery voltage from BMS; R SPH6K
1088,,BMS_BatteryCurr,,,,,,,Battery current from BMS
1089,,BMS_BatteryTemp,,,,,,,Battery temperature from BMS
1090,,BMS_MaxCurr,,,,,,,
1091,,BMS_GaugeRM,,,,,,,Gauge RM from BMS
1092,,BMS_GaugeFCC,,,,,,,Gauge FCC from BMS
1093,,BMS_FW,,,,,,,
1094,,BMS_DeltaVolt,,,,,,,Delta V from BMS
1095,,BMS_CycleCnt,,,,,,,Cycle Count from BMS
1096,,BMS_SOH,,,,,,,SOH from BMS
1097,,BMS_ConstantVolt,,,,,,,CV voltage from BMS
1098,,BMS_WarnInfoOld,,,,,,,Warning info old from BMS
1099,,BMS_WarnInfo,,,,,,,Warning info from BMS
1100,,BMS_GaugeICCurr,,,,,,,Gauge IC current from BMS
1101,,BMS_MCUVersion,,,,,,,MCU Software version from BMS
1102,,BMS_GaugeVersion,,,,,,,Gauge Version from BMS
1103,,BMS_wGaugeFR Version_L,,,,,,,Gauge FR Version L16 from BMS
1104,,BMS_wGaugeFR Version_H,,,,,,,Gauge FR Version H16 from BMS
1105,,BMS_BMSInfo,,,,,,,BMSInformation from BMS
1106,,BMS_PackInfo,,,,,,,Pack Information from BMS
1107,,BMS_UsingCap,,,,,,,Using Cap from BMS
1108,,uwMaxCellVolt,0.001V,,,,,,Maximum single battery voltage
1109,,uwMinCellVolt,0.001V,,,,,,Lowest single battery voltage
1110,,bModuleNum,1,,,,,,Battery parallel number
1112,,uwMaxVoltCellNo,1,,,,,,MaxVoltCellNo
1113,,uwMinVoltCellNo,1,,,,,,MinVoltCellNo
1114,,uwMaxTemprCell_10T,0.1C,,,,,,MaxTemprCell_10T
1115,,uwMinTemprCell_10T,0.1C,,,,,,MinTemprCell_10T
1116,,uwMaxTemprCellNo,1,,,,,,MaxVoltTemprCellNo
1117,,uwMinTemprCelllNo,1,,,,,,MinVoltTemprCellNo
1118,,Protect pack ID,1,,,,,,Faulty Battery Address
1119,,MaxSOC,1.00%,,,,,,Parallel maximum SOC
1120,,MinSOC,1.00%,,,,,,Parallel minimum SOC
1121,,BMS_Error2,0,,,,,,Battery Protection 2; CAN ID : 0x323 Byte4~5
1122,,BMS_Error3,0,,,,,,Battery Protection3; CAN ID : 0x323 Byte6
1123,,BMS_WarnInfo2,0,,,,,,Battery Warn2; CAN ID : 0x323 Byte7
1124,,AC Charge Energy Today H,,,kwh,,,,AC Charge Energy today; Energy today
1125,,ACCharge Energy Today L,,,kwh,,,,AC Charge Energy today
1126,,AC Charge Energy Total H,,,,,,,Energy total
1127,,ACCharge Energy Total L,,,,,,,
1128,,AC Charge Power H,,,W,,,,AC Charge Power
1129,,AC Charge Power L,,,w,,,,AC Charge Power
1130,,70Percent INV Power adjust,,,W,,,,uwGridPower_70_AdjEE_SP
1131,,Extra AC Power to grid_H,,,For SPA connect inverter,,,,Extra inverte AC Power to grid High; SPA used
1132,,Extra AC Power to grid_L,,,,,,,Extrainverte AC Power to grid Low; SPA used
1133,,Eextra_today H,0.1kWh,,R,,,,Extra inverter PowerTOUser_Extra today (high); SPA used
1134,,Eextra_today L,0.1kWh,,R,,,,Extra inverter PowerTOUser_Extra today (low); SPA used
1135,,Eextra_total H,0.1kWh,,,,,,Extra inverter PowerTOUser_Extra total(high); SPA used
1136,,Eextra_total L,0.1kWh,,,,,,Extra inverter PowerTOUser_Extra total(low); SPA used
1137,,Esystem_today H,0.1kWh,,,,,,System electric energy today H; SPA used System electric energy today H
1138,,Esystem_today L,0.1kWh,,,,,,System electric energy today L; SPA used System electric energy today L
1139,,Esystem_total H,0.1kWh,,,,,,System electric energy total H; SPA used System electric energy total H
1140,,Esystem_total L,0.1kWh,,,,,,System electric energy total L; SPA used System electric energy total L
1141,,Eself_today H,0.1kWh,,,,,,self electric energy today H; self electric energy today H
1142,,Eself_today L,0.1kWh,,,,,,self electric energy today L; self electric energy today L
1143,,Eself_total H,0.1kWh,,,,,,self electric energy total H; self electric energy total H
1144,,Eself_total L,0.1kWh,,,,,,self electric energy total L; self electric energy total L
1145,,PSystem H,0.1w,,,,,,System power H; System power H
1146,,PSystem L,0.1w,,,,,,System power L; System power L
1147,,PSelf H,0.1w,,,,,,self power H; self power H
1148,,PSelf L,0.1w,,,,,,self power L; self power L
1149,,EPVAll_Today H,,,,,,,PV electric energy today H
1150,,EPVAll_Today L,,,,,,,PV electric energy today L
1151,,AcDischarge PackSn,,,R,,,,Discharge Number power
1152,,Accdischarge power_H,0.1 kWH,,R,,,,Cumulative discharge power high 16-bit byte
1153,,Accdischarge power_L,0.1 kWH,,R,,,,Cumulative discharge power low 16-bit byte
1154,,AccCharge PackSn,,,R,,,,charge power pack serial number
1155,,AccCharge power_H,0.1 kWH,,R,,,,Cumulative charge power high 16-bit byte
1156,,AccCharge power_L,0.1 kWH,,R,,,,Cumulative charge power low 16-bit byte
1157,,FirstBattFaultSn,,,R,,,,FirstBattFaultSn
1158,,Second BattFaultSn,,,R,,,,Second BattFaultSn
1159,,Third BattFaultSn,,,R,,,,Third BattFaultSn
1160,,Fourth BattFaultSn,,,R,,,,Fourth BattFaultSn
1161,,Battery history fault code 1,,,R,,,,Battery history fault code 1
1162,,Battery history fault code 2,,,R,,,,Battery history fault code 2
1163,,Battery history fault code 3,,,R,,,,Battery history fault code 3
1164,,Battery history fault code 4,,,R,,,,Battery history fault code 4
1165,,Battery history fault code 5,,,R,,,,Battery history fault code 5
1166,,Battery history fault code 6,,,R,,,,Battery history fault code 6
1167,,Battery history fault code 7,,,R,,,,Battery history fault code 7
1168,,Battery history fault code 8,,,R,,,,Battery history fault code 8
1169,,Number of battery codes,,,R,,,,Number of battery codes PACK number Plus BIC forward and reverse codes
1199,,NewEPowerCalc Flag,1 : new energy calculation,,0 : Old energy calculation,,,,Intelligent reading is used to identify software compatibility features
1200,,MaxCellVolt,0.001V,,R,,,,Maximum cell voltage
1201,,MinCellVolt,0.001V,,R,,,,Minimum cell voltage
1202,,ModuleNum,/,,R,,,,Number of Battery modules
1203,,TotalCellNum,/,,R,,,,Total number of cells
1204,,MaxVoltCellNo,/,,R,,,,MaxVoltCellNo
1205,,MinVoltCellNo,/,,R,,,,MinVoltCellNo
1206,,MaxTemprCell_10T,0.1?,,R,,,,MaxTemprCell_10T
1207,,MinTemprCell_10T,0.1?,,R,,,,MinTemprCell_10T
1208,,MaxTemprCellNo,/,,R,,,,MaxTemprCellNo
1209,,MinTemprCellNo,/,,R,,,,MinTemprCellNo
1210,,ProtectPackID,/,,R,,,,Fault Pack ID
1211,,MaxSOC,1.00%,,R,,,,Parallel maximum SOC
1212,,MinSOC,1.00%,,R,,,,Parallel minimum SOC
1213,,BatProtect1Add,/,,R,,,,BatProtect1Add
1214,,BatProtect2Add,/,,R,,,,BatProtect2Add
1215,,BatWarn1Add,/,,R,,,,BatWarn1Add
1216,,BMS_HighestSoftVersion,/,,R,,,,BMS_HighestSoftVersion
1217,,BMS_HardwareVersion,/,,R,,,,BMS_HardwareVersion
1218,,BMS_RequestType,/,,R,,,,BMS_RequestType
1248,,bKeyAgingTestOkFlag,,,1:Finished test 0 : test not completed,,,,Success sign of key detection before aging
2000,,Inverter Status,,,0:waiting 1:normal 3:fault,,,,Inverter run state
2035,Output Watts,Pac H,0.1W,,,,,,Output power (high); SPA
2036,,Pac L,0.1W,,,,,,Output power (low); SPA
2037,Grid Hz,Fac,0.01Hz,,,,,,Grid frequency; SPA
2038,Grid Voltage Phase 1,Vac1,0.1V,,,,,,Three/single phase grid voltage; SPA
2039,Grid Current Phase 1,Iac1,0.1A,,,,,,Three/single phase grid output current; SPA
2040,Grid VA Phase 1,Pac1 H,0.1VA,,,,,,Three/single phase grid output watt VA (high); SPA
2041,,Pac1 L,0.1VA,,,,,,Three/single phase grid output watt VA(low); SPA
2053,,Eac today H,0.1kWH,,,,,,Today generate energy (high); SPA
2054,,Eac today L,0.1kWH,,,,,,Today generate energy (low); SPA
2055,,Eac total H,0.1kWH,,,,,,Total generate energy (high); SPA
2056,,Eac total L,0.1kWH,,,,,,Total generate energy (low); SPA
2057,,Time total H,0.5s,,,,,,Work time total (high); SPA
2058,,Time total L,0.5s,,,,,,Work time total (low); SPA
2093,,Temp1,0.1C,,,,,,Inverter temperature; SPA
2094,,Temp2,0.1C,,,,,,The inside IPM in inverter Temperature; SPA
2095,,Temp3,0.1C,,,,,,Boost temperature; SPA
2096,,Temp4,,,,,,,reserved
2097,,uwBatVolt_DSP,0.1V,,,,,,BatVolt_DSP; BatVolt(DSP)
2098,,P Bus Voltage,0.1V,,,,,,P Bus inside Voltage; SPA
2099,,N Bus Voltage,0.1V,,,,,,N Bus inside Voltage; SPA
2100,,RemoteCtrlEn,/,,0.Load First 1.BatFirst 2.Grid,,,,/; Remote setup enable
2101,,RemoteCtrlPower,/,,,,,,/; Remotely set power
2102,,Extra AC Power to grid_H,,,For SPA connect inverter,,,,Extra inverte AC Power to grid High; SPA used
2103,,Extra AC Power to grid_L,,,,,,,Extrainverte AC Power to grid Low; SPA used
2104,,Eextra_today H,0.1kWh,,R,,,,Extra inverter PowerTOUser_Extra today (high); SPA
2105,,Eextra_today L,0.1kWh,,R,,,,Extra inverter PowerTOUser_Extra today (low); SPA
2106,,Eextra_total H,0.1kWh,,,,,,Extra inverter PowerTOUser_Extratotal(high); SPA
2107,,Eextra_total L,0.1kWh,,,,,,Extra inverter PowerTOUser_Extra total(low); SPA
2108,,Esystem_today H,0.1kWh,,,,,,System electric energy today H; SPA used System electric energy today H
2109,,Esystem_today L,0.1kWh,,,,,,System electric energy today L; SPA used System electric energy today L
2110,,Esystem_total H,0.1kWh,,,,,,System electric energy total H; SPA used System
2111,,Esystem_total L,0.1kWh,,,,,,System electric energy total L; SPA used System electric energy total L
2112,,EACharge_Today_H,0.1kwh,,,,,,ACCharge energy today; Storage Power
2113,,EACharge_Today_L,0.1kwh,,,,,,ACCharge energy today; Storage Power
2114,,EACharge_Total_H,0.1kwh,,,,,,ACCharge energy total; Storage Power
2115,,EACharge_Total_L,0.1kwh,,,,,,ACCharge energy total; Storage Power
2116,,AC charge Power_H,0.1kwh,,,,,,Grid power to local load; Storage Power
2117,,AC charge Power_L,0.1kwh,,,,,,Grid power to local load; Storage Power
2118,,Priority,,,,,,,0:Load First 1:Battery First 2:Grid First; Storage Power
2119,,Battery Type,,,,,,,0:Lead-acid 1:Lithium battery; Storage Power
2120,,AutoProofreadCMD,,,,,,,Aging mode; Storage Power
3000,,Inverter Status,1: NormalStatus,,0: Waiting module 1: Self-test mode 7:PVOfflineMode 8:BatOfflineMode The lower 8 bits indicate the machine status (web page display) 0: StandbyStatus,,,,Inverter run state High 8 bits mode (specific mode); 3: FaultStatus 4:FlashStatus
3001,PV Watts,Ppv H,0.1W,,,,,,PV total power H
3002,,Ppv L,,,,,,,PV total power L
3003,PV1 Voltage,Vpv1,0.1V,,,,,,PV1 voltage
3004,,Ipv1,0.1A,,,,,,PV1 input current
3005,PV1 Watts,Ppv1 H,0.1W,,,,,,PV1 power H
3006,,Ppv1 L,,,,,,,PV1 power L
3007,PV2 Voltage,Vpv2,0.1V,,,,,,PV2 voltage
3008,,Ipv2,0.1A,,,,,,PV2 input current
3009,PV2 Watts,Ppv2 H,0.1W,,,,,,PV2 power H
3010,,Ppv2 L,,,,,,,PV2 power L
3011,PV3 Voltage,Vpv3,0.1V,,,,,,PV3 voltage
3012,,Ipv3,0.1A,,,,,,PV3 input current
3013,PV3 Watts,Ppv3 H,0.1W,,,,,,PV3 power H
3014,,Ppv3 L,,,,,,,PV3 power L
3015,PV4 Voltage,Vpv4,,,,,,,PV4 voltage
3016,,Ipv4,,,,,,,PV4 input current
3017,PV4 Watts,Ppv4 H,,,,,,,PV4 power H
3018,,Ppv4 L,,,,,,,PV4 power L
3019,,Psys H,0.1W,,,,,,System output power H
3020,,Psys L,,,,,,,System output power L
3021,,Qac H,0.1Var,,,,,,reactive power H
3022,,Qac L,,,,,,,reactive power L
3023,Output Watts,Pac H,0.1W,,,,,,Output power H
3024,,Pac L,,,,,,,Output power L
3025,Grid Hz,Fac,0.01Hz,,,,,,Grid frequency
3026,Grid Voltage Phase 1,Vac1,0.1V,,,,,,Three/single phase grid voltage
3027,Grid Current Phase 1,Iac1,0.1A,,,,,,Three/single phase grid output current
3028,Grid VA Phase 1,Pac1 H,0.1VA,,,,,,Three/single phase grid output watt VA H
3029,,Pac1 L,,,,,,,Three/single phase grid output watt VA L
3030,Grid Voltage Phase 2,Vac2,0.1V,,,,,,Three phase grid voltage
3031,Grid Current Phase 2,Iac2,0.1A,,,,,,Three phase grid output current
3032,Grid VA Phase 2,Pac2 H,0.1VA,,,,,,Three phase grid output power H
3033,,Pac2 L,,,,,,,Three phase grid output power L
3034,Grid Voltage Phase 3,Vac3,0.1V,,,,,,Three phase grid voltage
3035,Grid Current Phase 3,Iac3,0.1A,,,,,,Three phase grid output current
3036,Grid VA Phase 3,Pac3 H,0.1VA,,,,,,Three phase grid output power H
3037,,Pac3 L,,,,,,,Three phase grid output power L
3038,,Vac_RS,0.1V,,,,,,Three phase grid voltage
3039,,Vac_ST,0.1V,,,,,,Three phase grid voltage
3040,,Vac_TR,0.1V,,,,,,Three phase grid voltage
3041,,Ptouser total H,0.1W,,,,,,Total forward power H
3042,,Ptouser total L,,,,,,,Total forward power L
3043,,Ptogrid total H,0.1W,,,,,,Total reverse power H
3044,,Ptogrid total L,,,,,,,Total reverse power L
3045,,Ptoload total H,0.1W,,,,,,Total load power H
3046,,Ptoload total L,,,,,,,Total load power L
3047,,Time total H,0.5s,,,,,,Work time total H
3048,,Time total L,,,,,,,Work time total L
3049,,Eac today H,0.1kWh,,,,,,Today generate energy H
3050,,Eac today L,,,,,,,Today generate energy L
3051,,Eac total H,0.1kWh,,,,,,Total generate energy H
3052,,Eac total L,,,,,,,Total generate energy L
3053,PV KWH Total,Epv_total H,0.1kWh,,,,,,PV energy total H
3054,,Epv_total L,,,,,,,PV energy total L
3055,PV1 KWH Today,Epv1_today H,0.1kWh,,,,,,PV1 energy today H
3056,,Epv1_today L,,,,,,,PV1 energy today L
3057,PV1 KWH Total,Epv1_total H,0.1kWh,,,,,,PV1 energy total H
3058,,Epv1_total L,,,,,,,PV1 energy total L
3059,PV2 KWH Today,Epv2_today H,0.1kWh,,,,,,PV2 energy today H
3060,,Epv2_today L,,,,,,,PV2 energy today L
3061,PV2 KWH Total,Epv2_total H,0.1kWh,,,,,,PV2 energy total H
3062,,Epv2_total L,,,,,,,PV2 energy total L
3063,PV3 KWH Today,Epv3_today H,0.1kWh,,,,,,PV3 energy today H
3064,,Epv3_today L,,,,,,,PV3 energy today L
3065,PV3 KWH Total,Epv3_total H,0.1kWh,,,,,,PV3 energy total H
3066,,Epv3_total L,,,,,,,PV3 energy total L
3067,,Etouser_today H,0.1kWh,,,,,,Today energy to user H
3068,,Etouser_today L,,,,,,,Today energy to user L
3069,,Etouser_total H,0.1kWh,,,,,,Total energy to user H
3070,,Etouser_total L,,,,,,,Total energy to user L
3071,,Etogrid_today H,0.1kWh,,,,,,Today energy to grid H
3072,,Etogrid_today L,,,,,,,Today energy to grid L
3073,,Etogrid_total H,0.1kWh,,,,,,Total energy to grid H
3074,,Etogrid_total L,,,,,,,Total energy to grid L
3075,,Eload_today H,0.1kWh,,,,,,Today energy of user load H
3076,,Eload_today L,,,,,,,Today energy of user load L
3077,,Eload_total H,0.1kWh,,,,,,Total energy of user load H
3078,,Eload_total L,,,,,,,Total energy of user load L
3079,PV4 KWH Today,Epv4_today H,0.1kWh,,,,,,PV4 energy today H
3080,,Epv4_today L,,,,,,,PV4 energy today L
3081,PV4 KWH Total,Epv4_total H,0.1kWh,,,,,,PV4 energy total H
3082,,Epv4_total L,,,,,,,PV4 energy total L
3083,,Epv_today H,0.1kWh,,,,,,PV energy today H
3084,,Epv_today L,,,,,,,PV energy today L
3086,,DeratingMode,,,,,,,DeratingMode
3087,,ISO,1K?,,,,,,PV ISO value
3088,,DCI_R,0.1mA,,,,,,R DCI Curr
3089,,DCI_S,0.1mA,,,,,,S DCI Curr
3090,,DCI_T,0.1mA,,,,,,T DCI Curr
3091,,GFCI,1mA,,,,,,GFCI Curr
3092,,Bus Voltage,0.1V,,,,,,total bus voltage
3093,,Temp1,0.1?,,,,,,Inverter temperature
3094,,Temp2,0.1?,,,,,,The inside IPM in inverter temperature
3095,,Temp3,0.1?,,,,,,Boost temperature
3096,,Temp4,0.1?,,,,,,Reserved
3097,,Temp5,0.1?,,,,,,Commmunication broad temperature
3098,,P Bus Voltage,0.1V,,,,,,P Bus inside Voltage
3099,,N Bus Voltage,0.1V,,,,,,N Bus inside Voltage
3100,Inverter Power Factor,IPF,,,,,,,Inverter output PF now
3101,,RealOPPercent,1.00%,,,,,,Real Output power Percent
3102,,OPFullwatt H,0.1W,,,,,,Output Maxpower Limited H
3103,,OPFullwatt L,,,,,,,Output Maxpower Limited L
3104,,StandbyFlag,bitfield,,,,,,Inverter standby flag
3105,,Fault Maincode,,,,,,,Inverter fault maincode
3106,,Warn Maincode,,,,,,,Inverter Warning maincode
3107,,Fault Subcode,bitfield,,,,,,Inverter fault subcode
3108,,Warn Subcode,bitfield,,,,,,Inverter Warning subcode
3111,,uwPresentFFTValue_CHANNEL_A_,bitfield,,,,,,PresentFFTValue [CHANNEL_A]
3112,,bAfciStatus,,,,,,,AFCI Status
3113,,uwStrength_CHANNEL_A_,,,,,,,AFCI Strength[CHANNEL_A]
3114,,uwSelfCheckValue_CHANNEL_A_,,,,,,,AFCI SelfCheck[CHANNEL_A]
3115,,inv start delay time,1S,,,,,,inv start delay time
3116,,Reserved,,,,,,,
3117,,Reserved,,,,,,,
3118,,BDC_OnOffState,,,,,,,BDC connect state
3119,,DryContactState,,,,,,,Current status of DryContact
3120,,Reserved,,,,,,,
3121,,Pself H,0.1W,,,,,,self-use power H
3122,,Pself L,,,,,,,self-use power L
3123,,Esys_today H,0.1kwh,,,,,,System energy today H
3124,,Esys_today L,,,,,,,System energy today L
3125,,Edischr_today H,0.1kWh,,,,,,Today discharge energy H
3126,,Edischr_today L,,,,,,,Today discharge energy L
3127,,Edischr_total H,0.1kWh,,,,,,Total discharge energy H
3128,,Edischr_total L,,,,,,,Total discharge energy L
3129,,Echr_today H,0.1kWh,,,,,,Charge energy today H
3130,,Echr_today L,,,,,,,Charge energy today L
3131,,Echr_total H,0.1kWh,,,,,,Charge energy total H
3132,,Echr_total L,,,,,,,Charge energy total L
3133,,Eacchr_today H,0.1kWh,,,,,,Today energy of AC charge H
3134,,Eacchr_today L,,,,,,,Today energy of AC charge L
3135,,Eacchr_total H,0.1kWh,,,,,,Total energy of AC charge H
3136,,Eacchr_total L,,,,,,,Total energy of AC charge L
3137,,Esys_total H,,,,,,,Total energy of system output H
3138,,Esys_total L,0.1kWh,,,,,,Total energy of system output L
3139,,Eself_today H,0.1kWh,,,,,,Today energy of Self output H
3140,,Eself_today L,,,,,,,Today energy of Self output L
3141,,Eself_total H,0.1kwh,,,,,,Total energy of Self output H
3142,,Eself_total L,,,,,,,Total energy of Self output L
3143,,Reserved,,,,,,,
3144,,Priority,,,,,,,Word Mode
3145,,EPS Fac,0.01Hz,,,,,,UPS frequency
3146,,EPS Vac1,0.1V,,,,,,UPS phase R output voltage
3147,,EPS Iac1,0.1A,,,,,,UPS phase R output current
3148,,EPS Pac1 H,0.1VA,,,,,,UPS phase R output power H
3149,,EPS Pac1 L,,,,,,,UPS phase R output power L
3150,,EPS Vac2,0.1V,,,,,,UPS phase S output voltage
3151,,EPS Iac2,0.1A,,,,,,UPS phase S output current
3152,,EPS Pac2 H,0.1VA,,,,,,UPS phase S output power H
3153,,EPS Pac2 L,,,,,,,UPS phase S output power L
3154,,EPS Vac3,0.1V,,,,,,UPS phase T output voltage
3155,,EPS Iac3,0.1A,,,,,,UPS phase T output current
3156,,EPS Pac3 H,0.1VA,,,,,,UPS phase T output power H
3157,,EPS Pac3 L,,,,,,,UPS phase T output power L
3158,,EPS Pac H,0.1VA,,,,,,UPS output power H
3159,,EPS Pac L,,,,,,,UPS output power L
3160,,Loadpercent,0.10%,,,,,,Load percent of UPS ouput
3161,,PF,0.1,,,,,,Power factor
3162,,DCV,1mV,,,,,,DC voltage
3163,,Reserved,,,,,,,
3164,,NewBdcFlag,,,,,,,Whether to parse BDC data separately
3165,,BDCDeratingMode,,,,,,,BDCDeratingMode: 0: Normal unrestricted 1:Standby or fault 2:Maximum battery current limit (discharge) 3:Battery discharge Enable (Discharge) 4:High bus discharge derating (discharge) 5:High temperature discharge derating (discharge) 6:System warning No discharge (discharge) 7-15 Reserved (Discharge) 16:Maximum charging current of battery (charging) 17:High Temperature (LLC and Buckboost) (Charging) 18:Final soft charge 19:SOC setting limits (charging) 20:Battery low temperature (charging) 21:High bus voltage (charging) 22:Battery SOC (charging) 23: Need to charge (charge) 24: System warning not charging (charging) 25-29:Reserve (charge)
3166,,SysState_Mode,1:charge,,0:No charge and discharge,,,,System work State and mode The upper 8 bits indicate the mode; 2:Discharge; 0: StandbyStatus
3167,,FaultCode,,,,,,,Storge device fault code
3168,,WarnCode,,,,,,,Storge device warning code
3169,,Vbat,,,,,,,Battery voltage
3170,,Ibat,,,,,,,Battery current
3171,,SOC,,,,,,,State of charge Capacity
3172,,Vbus1,,,,,,,Total BUS voltage
3173,,Vbus2,,,,,,,On the BUS voltage
3174,,Ibb,,,,,,,BUCK-BOOST Current
3175,,Illc,,,,,,,LLC Current
3176,,TempA,,,,,,,Temperture A
3177,,TempB,,,,,,,Temperture B
3178,,Pdischr H,,,,,,,Discharge power H
3179,,Pdischr L,,,,,,,Discharge power L; extra: Pdischr L; extra: Pdischr L; extra: Pdischr L; extra: Pdischr L; extra: Pdischr L; extra: Pdischr L
3180,,Pchr H,0.1W,,,,,,Charge power H
3181,,Pchr L,,,,,,,Charge power L
3182,,Edischr_total H,,,,,,,Discharge total energy of storge device H
3183,,Edischr_total L,,,,,,,Discharge total energy of storge device L; extra: Edischr_total L; extra: Edischr_total L; extra: Edischr_total L; extra: Edischr_total L; extra: Edischr_total L; extra: Edischr_total L
3184,,Echr_total H,,,,,,,Charge total energy of storge device H
3185,,Echr_total L,,,,,,,Charge total energy of storge device L
3186,,Reserved,,,,,,,Reserved
3187,,BDC1_Flag,,,,,,,"BDC mark (charge and discharge, fault alarm code) Bit0: ChargeEn; BDC allows charging Bit1: DischargeEn; BDC allows discharge Bit2~7: Resvd; reserved Bit8~11: WarnSubCode; BDC sub-warning code Bit12~15: FaultSubCode; BDC sub-error code"
3188,,Vbus2,,,,,,,Lower BUS voltage
3189,,BmsMaxVoltCellNo,,,,,,,BmsMaxVoltCellNo
3190,,BmsMinVoltCellNo,,,,,,,BmsMinVoltCellNo
3191,,BmsBatteryAvgTemp,,,,,,,BmsBatteryAvgTemp
3192,,BmsMaxCellTemp,0.1?C,,,,,,BmsMaxCellTemp
3193,,BmsBatteryAvgTemp,0.1?C,,,,,,BmsBatteryAvgTemp
3194,,BmsMaxCellTemp,,,,,,,BmsMaxCellTemp
3195,,BmsBatteryAvgTemp,,,,,,,BmsBatteryAvgTemp
3196,,BmsMaxSOC,1.00%,,,,,,BmsMaxSOC
3197,,BmsMinSOC,1.00%,,,,,,BmsMinSOC
3198,,ParallelBatteryNum,,,,,,,ParallelBatteryNum
3199,,BmsDerateReason,,,,,,,BmsDerateReason
3200,,BmsGaugeFCC_Ah,,,,,,,BmsGaugeFCC(Ah)
3201,,BmsGaugeRM_Ah,,,,,,,BmsGaugeRM(Ah)
3202,,BmsError,,,,,,,BMS Protect1
3203,,BmsWarn,,,,,,,BMSWarn1
3204,,BmsFault,,,,,,,BMS Fault1
3205,,BmsFault2,,,,,,,BMS Fault2
3210,,BatIsoStatus,,,,,,,Battery ISO detection status
3211,,BattNeedCharge RequestFlag,"bit0:1: Prohibit chargin g 2 bit8:1: Dischar ge is prohibit ed, 0: allow discharg e bit9:1: Turn on power reductio n 0: turn off power reductio n;",,,,,,battery work request; 0: Allow the chargin g bit1:1: Enable strong charge
3212,,BMS_Status,,,R,,,,battery working status
3213,,BmsError2,1,,R,,,,BMS Protect2
3214,,BmsWarn2,1,,R,,,,BMS Warn2
3215,,BMS_SOC,1.00%,,R,,,,BMS SOC
3216,,BMS_BatteryVolt,0.01V,,R,,,,BMS BatteryVolt
3217,,BMS_BatteryCurr,0.01A,,R,,,,BMS BatteryCurr
3218,,BMS_BatteryTemp,0.1?,,R,,,,battery cell maximum temperature
3219,,BMS_MaxCurr,0.01A,,R,,,,Maximum charging current
3220,,BMS_MaxDischrCurr,0.01A,,R,,,,Maximum discharge current
3221,,BMS_CycleCnt,1,,R,,,,BMSCycleCnt
3222,,BMS_SOH,1,,R,,,,BMS SOH
3223,,BMS_ChargeVoltLimit,0.01V,,R,,,,Battery charging voltage limit value
3224,,BMS_DischargeVoltLimit,,,,,,,Battery discharge voltage limit value
3225,,Bms Warn3,1,,R,,,,BMS Warn 3
3226,,Bms Error3,1,,R,,,,BMS Protect3
3227,,Reserved,,,,,,,
3228,,Reserved,,,,,,,
3229,,Reserved,,,,,,,
3230,,BMSSingleVoltMax,0.001V,,R,,,,BMS Battery SingleVoltMax
3231,,BMSSingleVoltMin,0.001V,,R,,,,BMS Battery SingleVoltMin
3232,,BatLoadVolt,0.01V,,R,,,,Battery LoadVolt; 650.00]
3234,,Debug data1,,,R,,,,Debug data1
3235,,Debug data2,,,R,,,,Debug data2
3236,,Debug data3,,,R,,,,Debug data3
3237,,Debug data4,,,R,,,,Debug data4
3238,,Debug data5,,,R,,,,Debug data5
3239,,Debug data6,,,R,,,,Debug data6
3240,,Debug data7,,,R,,,,Debug data7
3241,,Debug data8,,,R,,,,Debug data8
3242,,Debug data9,,,R,,,,Debug data9
3243,,Debug data10,,,R,,,,Debug data10
3244,,Debug data10,,,R,,,,Debug data10
3245,,Debug data12,,,R,,,,Debug data12
3246,,Debug data13,,,R,,,,Debug data13
3247,,Debug data14,,,R,,,,Debug data14
3248,,Debug data15,,,R,,,,Debug data15
3249,,Debug data16,,,R,,,,Debug data16
3250,,Pex1H,0.1W,,R,,,,PV inverter 1 output power H
3251,,Pex1L,0.1W,,R,,,,PV inverter 1 output power L
3252,,Pex2H,0.1W,,R,,,,PV inverter 2 output power H
3253,,Pex2L,0.1W,,R,,,,PV inverter 2 output power L
3254,,Eex1TodayH,0.1kWh,,R,,,,PV inverter 1 energy Today H
3255,,Eex1TodayL,0.1kWh,,R,,,,PV inverter 1 energy Today L
3256,,Eex2TodayH,0.1kWh,,R,,,,PV inverter 2 energy Today H
3257,,Eex2TodayL,0.1kWh,,R,,,,PV inverter 2 energy Today L
3258,,Eex1TotalH,0.1kWh,,R,,,,PV inverter 1 energy Total H
3259,,Eex1TotalL,0.1kWh,,R,,,,PV inverter 1 energy Total L
3260,,Eex2TotalH,0.1kWh,,R,,,,PV inverter 2 energy Total H
3261,,Eex2TotalL,0.1kWh,,R,,,,PV inverter 2 energy Total L
3262,,uwBatNo,,,R,,,,battery pack number
3263,,BatSerialNum1,,,R,,,,Battery pack serial numberSN[0]SN[1]
3264,,BatSerialNum2,,,,,,,Battery pack serial numberSN[2]SN[3]
3265,,BatSerialNum3,,,,,,,Battery pack serial numberSN[4]SN[5]
3266,,BatSerialNum4,,,,,,,Battery pack serial numberSN[6]SN[7]
3267,,BatSerialNum5,,,,,,,Battery pack serial numberSN[8]SN[9]
3268,,BatSerialNum6,,,,,,,Battery pack serial numberSN[10]SN[11]
3269,,BatSerialNum7,,,,,,,Battery pack serial numberSN[12]SN[13]
3270,,BatSerialNum8,,,,,,,Battery pack serial numberSN[14]SN[15]
3280,,bClrTodayDataFlag,,,R,,,,Clear day data flag
