Brand,Model,Protocol,Transport,ReadMe
APsystems,ECU SunSpec gateway,apsystems_ecu_sunspec,ModBus,https://github.com/BuxtonCalvin/MultiProtocolGateway/blob/main/documentation/devices/APsystems.md
Deye / Sunsynk,Hybrid inverter,deye_sunsynk,ModBus,https://github.com/BuxtonCalvin/MultiProtocolGateway/blob/main/documentation/devices/Deye_Sunsynk.md
Deye / Sunsynk,Hybrid inverter extended map,deye_sunsynk_hybrid,ModBus,https://github.com/BuxtonCalvin/MultiProtocolGateway/blob/main/documentation/devices/Deye_Sunsynk.md
EG4,18KPV,eg4_18kpv,ModBus,https://github.com/BuxtonCalvin/MultiProtocolGateway/blob/main/documentation/devices/EG4.md
EG4,3000EHV,eg4_3000ehv_v1,ModBus,https://github.com/BuxtonCalvin/MultiProtocolGateway/blob/main/documentation/devices/EG4.md
EG4,GridBOSS / related equipment,eg4_gridboss_re,ModBus,https://github.com/BuxtonCalvin/MultiProtocolGateway/blob/main/documentation/devices/EG4.md
EG4,LL-S battery,eg4_ll_s,ModBus,https://github.com/BuxtonCalvin/MultiProtocolGateway/blob/main/documentation/devices/EG4.md
EG4,6000XP / 12000XP / 18KPV family,eg4_v58,ModBus,https://github.com/BuxtonCalvin/MultiProtocolGateway/blob/main/documentation/devices/EG4.md
Enphase,IQ Gateway SunSpec,enphase_iq_gateway_sunspec,ModBus,https://github.com/BuxtonCalvin/MultiProtocolGateway/blob/main/documentation/devices/Enphase.md
FoxESS,H1 LAN / KH / H3-style holding-register map,foxess_h1_lan,ModBus,https://github.com/BuxtonCalvin/MultiProtocolGateway/blob/main/documentation/devices/FoxESS.md
Fronius,SunSpec inverter,fronius_sunspec,ModBus,https://github.com/BuxtonCalvin/MultiProtocolGateway/blob/main/documentation/devices/Fronius.md
Growatt,Inverter protocol v1.24,growatt_2020_v1.24,ModBus,https://github.com/BuxtonCalvin/MultiProtocolGateway/blob/main/documentation/devices/Growatt.md
Growatt,BMS CAN bus v1.04,growatt_bms_canbus_v1.04,CanBus,https://github.com/BuxtonCalvin/MultiProtocolGateway/blob/main/documentation/devices/Growatt.md
Growatt,BMS RS-485 1xSxxP ESS v2.01,growatt_bms_rs485_1xsxxp_ess_v2.01,ModBus,https://github.com/BuxtonCalvin/MultiProtocolGateway/blob/main/documentation/devices/Growatt.md
Growatt,SPF / off-grid inverter protocol v0.14,growatt_v0.14,ModBus,https://github.com/BuxtonCalvin/MultiProtocolGateway/blob/main/documentation/devices/Growatt.md
HDHK,16-channel AC power monitor,hdhk_16ch_ac_module,ModBus,https://github.com/BuxtonCalvin/MultiProtocolGateway/blob/main/documentation/devices/HDHK.md
Huawei,SUN2000 inverter,huawei_sun2000,ModBus,https://github.com/BuxtonCalvin/MultiProtocolGateway/blob/main/documentation/devices/Huawei.md
Next Power,Victor NM RE,next_power_victor_nm_re,ModBus,https://github.com/BuxtonCalvin/MultiProtocolGateway/blob/main/documentation/devices/Next_Power.md
PACE,BMS RS-485 v1.3,pace_bms_v1.3,ModBus,https://github.com/BuxtonCalvin/MultiProtocolGateway/blob/main/documentation/devices/PACE.md
Pylon / Pylontech,Low-voltage CAN bus,pylon_can,CanBus,https://github.com/BuxtonCalvin/MultiProtocolGateway/blob/main/documentation/devices/Pylon.md
Pylon / Pylontech,Low-voltage RS-485 v3.3,pylon_rs485_v3.3,Serial,https://github.com/BuxtonCalvin/MultiProtocolGateway/blob/main/documentation/devices/Pylon.md
Sigineer,Solar inverter / charger v0.11,sigineer_v0.11,ModBus,https://github.com/BuxtonCalvin/MultiProtocolGateway/blob/main/documentation/devices/Sigineer.md
SMA,Energy Meter Speedwire,sma_energy_meter_speedwire,ModBus,https://github.com/BuxtonCalvin/MultiProtocolGateway/blob/main/documentation/devices/SMA.md
SMA,CAN / Modbus RTU map,sma_modbus_rtu,CanBus,https://github.com/BuxtonCalvin/MultiProtocolGateway/blob/main/documentation/devices/SMA.md
SMA,Sunny Home Manager,sma_sunny_home_manager,ModBus,https://github.com/BuxtonCalvin/MultiProtocolGateway/blob/main/documentation/devices/SMA.md
SMA,Sunny Island,sma_sunny_island,ModBus,https://github.com/BuxtonCalvin/MultiProtocolGateway/blob/main/documentation/devices/SMA.md
SMA,Sunny Island v1,sma_sunny_island_v1,ModBus,https://github.com/BuxtonCalvin/MultiProtocolGateway/blob/main/documentation/devices/SMA.md
SMA,Sunny Boy / Tripower,sma_sunnyboy_tripower,ModBus,https://github.com/BuxtonCalvin/MultiProtocolGateway/blob/main/documentation/devices/SMA.md
SMA,Tripower Storage Hybrid,sma_tripower_storage_hybrid,ModBus,https://github.com/BuxtonCalvin/MultiProtocolGateway/blob/main/documentation/devices/SMA.md
SOK,SK48V100 / PACE BMS,sok_sk48v100_pace_bms,ModBus,https://github.com/BuxtonCalvin/MultiProtocolGateway/blob/main/documentation/devices/SOK.md
SolarEdge,SunSpec inverter,solaredge_sunspec,ModBus,https://github.com/BuxtonCalvin/MultiProtocolGateway/blob/main/documentation/devices/SolarEdge.md
SolaX,X1/X3 Hybrid G4-style inverter,solax_hybrid_g4,ModBus,https://github.com/BuxtonCalvin/MultiProtocolGateway/blob/main/documentation/devices/SolaX.md
Sol-Ark,Hybrid inverter,solark_hybrid,ModBus,https://github.com/BuxtonCalvin/MultiProtocolGateway/blob/main/documentation/devices/SolArk.md
Sol-Ark,Modbus v1.1,solark_v1.1,ModBus,https://github.com/BuxtonCalvin/MultiProtocolGateway/blob/main/documentation/devices/SolArk.md
Solis / Ginlong,Hybrid inverter,solis_hybrid,ModBus,https://github.com/BuxtonCalvin/MultiProtocolGateway/blob/main/documentation/devices/Solis.md
Solis / Ginlong,String inverter,solis_string,ModBus,https://github.com/BuxtonCalvin/MultiProtocolGateway/blob/main/documentation/devices/Solis.md
SRNE,Energy-storage inverter v1.96,srne_2021_v1.96,ModBus,https://github.com/BuxtonCalvin/MultiProtocolGateway/blob/main/documentation/devices/SRNE.md
SRNE,Energy-storage inverter v1.7,srne_v1.7,ModBus,https://github.com/BuxtonCalvin/MultiProtocolGateway/blob/main/documentation/devices/SRNE.md
SRNE,Controller / inverter v3.9,srne_v3.9,ModBus,https://github.com/BuxtonCalvin/MultiProtocolGateway/blob/main/documentation/devices/SRNE.md
Sungrow,SH / RS / RT hybrid inverter,sungrow_hybrid,ModBus,https://github.com/BuxtonCalvin/MultiProtocolGateway/blob/main/documentation/devices/Sungrow.md
Sungrow,SG-series string inverter,sungrow_sg,ModBus,https://github.com/BuxtonCalvin/MultiProtocolGateway/blob/main/documentation/devices/Sungrow.md
Victron,BMV battery monitor,victron_bmv_battery_monitor,ModBus,https://github.com/BuxtonCalvin/MultiProtocolGateway/blob/main/documentation/devices/Victron.md
Victron,GX generic CAN bus,victron_gx_generic_canbus,CanBus,https://github.com/BuxtonCalvin/MultiProtocolGateway/blob/main/documentation/devices/Victron.md
Victron,GX v3.3,victron_gx_v3.3,ModBus,https://github.com/BuxtonCalvin/MultiProtocolGateway/blob/main/documentation/devices/Victron.md
Victron,MK3-USB VE.Bus,victron_mk3usb_vebus,ModBus,https://github.com/BuxtonCalvin/MultiProtocolGateway/blob/main/documentation/devices/Victron.md
Victron,MultiPlus / Quattro,victron_multiplus_quattro,ModBus,https://github.com/BuxtonCalvin/MultiProtocolGateway/blob/main/documentation/devices/Victron.md
Victron,Phoenix inverter,victron_phoenix_inverter,ModBus,https://github.com/BuxtonCalvin/MultiProtocolGateway/blob/main/documentation/devices/Victron.md
Victron,SmartSolar MPPT,victron_smartsolar_mppt,ModBus,https://github.com/BuxtonCalvin/MultiProtocolGateway/blob/main/documentation/devices/Victron.md
Victron,VE.Direct serial device,victron_vedirect_serial,Serial,https://github.com/BuxtonCalvin/MultiProtocolGateway/blob/main/documentation/devices/Victron.md
Victron,Venus GX system,victron_venus_gx_system,ModBus,https://github.com/BuxtonCalvin/MultiProtocolGateway/blob/main/documentation/devices/Victron.md
Voltronic,BMS 2020-03-25,voltronic_bms_2020_03_25,ModBus,https://github.com/BuxtonCalvin/MultiProtocolGateway/blob/main/documentation/devices/Voltronic.md
Voltronic,BMS v1.1,voltronic_bms_v1.1,ModBus,https://github.com/BuxtonCalvin/MultiProtocolGateway/blob/main/documentation/devices/Voltronic.md
